{"stats":{"minecraft:killed":{"minecraft:chicken":1},"minecraft:mined":{"minecraft:tall_grass":1,"minecraft:grass":13},"minecraft:picked_up":{"minecraft:feather":2,"minecraft:chicken":1,"minecraft:wheat_seeds":2},"minecraft:custom":{"minecraft:jump":13,"minecraft:time_since_rest":18755,"minecraft:damage_dealt":40,"minecraft:play_one_minute":18755,"minecraft:damage_taken":95,"minecraft:leave_game":2,"minecraft:sprint_one_cm":1114,"minecraft:time_since_death":18755,"minecraft:walk_one_cm":7528,"minecraft:mob_kills":1,"minecraft:fall_one_cm":252,"minecraft:fly_one_cm":411}},"DataVersion":2586}