{"stats":{"minecraft:custom":{"minecraft:jump":10,"minecraft:time_since_rest":17520,"minecraft:damage_dealt":40,"minecraft:play_one_minute":17520,"minecraft:leave_game":1,"minecraft:damage_taken":95,"minecraft:sprint_one_cm":1114,"minecraft:time_since_death":17520,"minecraft:walk_one_cm":5616,"minecraft:mob_kills":1,"minecraft:fall_one_cm":252,"minecraft:fly_one_cm":411},"minecraft:picked_up":{"minecraft:feather":2,"minecraft:chicken":1,"minecraft:wheat_seeds":2},"minecraft:mined":{"minecraft:tall_grass":1,"minecraft:grass":13},"minecraft:killed":{"minecraft:chicken":1}},"DataVersion":2586}